Cliente,Serviço,Barbeiro,Data,Hora,Valor (R$),Forma de Pagamento
Miguel Duarte,Coloração,Pedro Lima,2024-06-05,06:46,52.98,Cartão de Débito
Francisco Pinto,Corte,Pedro Lima,2024-02-09,09:02,75.26,Pix
Yasmin Gomes,Coloração,Pedro Lima,2024-07-19,14:26,60.14,Cartão de Débito
Maria da Rosa,Corte e Barba,Carlos Pereira,2024-01-19,03:48,69.16,Pix
Clarice Fogaça,Barba,José Ribeiro,2024-01-02,19:18,60.19,Cartão de Crédito
Isaac da Mata,Corte,Lucas Santos,2024-05-19,16:56,60.61,Cartão de Débito
Maitê Souza,Barba,José Ribeiro,2024-07-23,08:09,68.6,Cartão de Crédito
Júlia Sales,Corte,Carlos Pereira,2024-02-19,17:33,67.66,Pix
Paulo Teixeira,Corte,Lucas Santos,2024-07-07,07:53,60.95,Dinheiro
Evelyn Aragão,Coloração,Carlos Pereira,2024-05-21,21:14,69.38,Cartão de Débito
Bernardo Mendes,Coloração,Carlos Pereira,2024-03-24,18:37,39.87,Dinheiro
Srta. Lara da Paz,Corte e Barba,José Ribeiro,2024-04-27,06:41,86.77,Cartão de Crédito
Dr. Breno da Rosa,Coloração,Lucas Santos,2024-09-30,09:57,95.24,Pix
Maria Fernanda Ferreira,Barba,Lucas Santos,2024-06-29,04:55,80.31,Pix
Bruna Silva,Corte e Barba,Carlos Pereira,2024-09-30,00:45,55.76,Cartão de Crédito
Bárbara Pinto,Coloração,Lucas Santos,2024-06-03,10:37,65.53,Dinheiro
Caio Aragão,Corte e Barba,José Ribeiro,2024-04-21,12:39,64.67,Cartão de Crédito
Ana da Rosa,Corte e Barba,Pedro Lima,2024-03-28,10:10,54.24,Cartão de Débito
Anthony Peixoto,Corte e Barba,Pedro Lima,2024-03-30,20:48,47.03,Cartão de Crédito
Lucas Cunha,Coloração,José Ribeiro,2024-10-11,08:48,52.0,Dinheiro
Vitor Rezende,Corte,Pedro Lima,2024-04-18,11:41,83.41,Dinheiro
Daniel Melo,Coloração,Pedro Lima,2024-10-28,15:01,52.06,Pix
Bárbara Oliveira,Corte e Barba,José Ribeiro,2024-03-29,15:05,22.71,Dinheiro
Emanuel Fogaça,Coloração,José Ribeiro,2024-10-17,01:46,45.57,Pix
Leonardo Barros,Corte e Barba,José Ribeiro,2024-10-24,16:12,55.17,Dinheiro
Davi Lucas da Rocha,Barba,Pedro Lima,2024-01-23,11:05,52.42,Cartão de Crédito
Pietro Barbosa,Coloração,Carlos Pereira,2024-02-16,03:44,31.15,Dinheiro
Larissa Moura,Barba,Carlos Pereira,2024-11-02,19:27,23.1,Cartão de Crédito
Dra. Mirella Lopes,Coloração,Lucas Santos,2024-03-03,00:43,81.93,Pix
Pietra Castro,Corte,José Ribeiro,2024-06-19,19:29,82.85,Cartão de Débito
Lorenzo Santos,Corte,José Ribeiro,2024-09-15,08:43,40.97,Pix
Calebe Lima,Corte e Barba,José Ribeiro,2024-01-14,18:24,63.75,Cartão de Débito
Enzo Pires,Barba,Carlos Pereira,2024-09-14,23:17,43.02,Cartão de Débito
Rodrigo Rodrigues,Barba,Lucas Santos,2024-03-19,10:23,82.32,Cartão de Crédito
Ian Jesus,Corte,José Ribeiro,2024-01-17,04:32,54.66,Pix
Samuel da Rosa,Barba,José Ribeiro,2024-10-01,02:39,52.06,Cartão de Débito
Sr. Alexandre Nogueira,Coloração,Pedro Lima,2024-10-11,03:05,85.11,Cartão de Crédito
Isadora Ribeiro,Barba,José Ribeiro,2024-06-24,10:38,54.08,Dinheiro
Sabrina Barbosa,Barba,Pedro Lima,2024-04-21,03:25,48.42,Pix
Gustavo da Luz,Corte e Barba,Carlos Pereira,2024-04-19,08:36,81.37,Dinheiro
João Lucas Cavalcanti,Barba,Carlos Pereira,2024-05-28,13:34,35.54,Pix
Kevin Cardoso,Coloração,José Ribeiro,2024-05-21,08:43,71.15,Cartão de Crédito
Stella da Costa,Coloração,Carlos Pereira,2024-10-27,20:12,46.67,Cartão de Crédito
Elisa Campos,Coloração,Pedro Lima,2024-01-19,08:22,39.38,Dinheiro
João Vitor da Costa,Corte e Barba,Pedro Lima,2024-09-15,22:23,99.39,Pix
Davi Lucas Moraes,Barba,José Ribeiro,2024-04-15,20:32,99.92,Pix
Calebe da Rosa,Corte,Lucas Santos,2024-09-28,09:49,64.52,Pix
Srta. Maitê Lopes,Barba,Pedro Lima,2024-10-28,13:55,31.6,Cartão de Débito
Caio da Rosa,Barba,Lucas Santos,2024-08-17,01:04,68.85,Cartão de Débito
Alícia Viana,Corte e Barba,Pedro Lima,2024-04-07,08:41,64.4,Pix
Lara da Rocha,Corte e Barba,Lucas Santos,2024-09-30,20:13,82.36,Dinheiro
Sofia Duarte,Corte,José Ribeiro,2024-08-07,08:22,79.86,Cartão de Débito
Ana Lívia Castro,Corte e Barba,Pedro Lima,2024-03-13,11:39,71.4,Cartão de Crédito
Mariane Nogueira,Corte e Barba,José Ribeiro,2024-05-29,17:57,21.21,Cartão de Débito
Vicente Martins,Barba,José Ribeiro,2024-01-31,08:42,40.71,Cartão de Débito
Alana Cardoso,Barba,Carlos Pereira,2024-05-01,17:44,99.96,Cartão de Crédito
Renan Almeida,Corte,Lucas Santos,2024-04-30,12:01,63.93,Cartão de Crédito
Gabriel Jesus,Barba,Lucas Santos,2024-06-20,01:29,99.06,Pix
Diego da Cruz,Corte e Barba,Carlos Pereira,2024-01-05,03:58,87.72,Dinheiro
Elisa Dias,Corte e Barba,Pedro Lima,2024-03-05,20:24,89.55,Dinheiro
Beatriz Ribeiro,Corte,José Ribeiro,2024-09-06,13:48,83.58,Cartão de Débito
Davi Lucca Barbosa,Corte e Barba,Pedro Lima,2024-08-01,00:19,38.97,Pix
Vicente da Paz,Corte,José Ribeiro,2024-02-10,18:21,87.48,Cartão de Débito
Maria Julia Gonçalves,Corte e Barba,Lucas Santos,2024-03-07,04:45,92.39,Cartão de Débito
Yago da Cunha,Corte,José Ribeiro,2024-01-14,06:16,67.68,Dinheiro
Esther Souza,Coloração,Carlos Pereira,2024-07-06,18:56,81.39,Dinheiro
Gabriela Carvalho,Corte e Barba,José Ribeiro,2024-10-22,09:12,65.23,Cartão de Débito
Luigi da Mota,Corte e Barba,José Ribeiro,2024-07-04,06:23,69.18,Pix
Leonardo da Cunha,Coloração,José Ribeiro,2024-09-01,07:19,57.12,Cartão de Débito
Francisco das Neves,Barba,Lucas Santos,2024-05-14,06:34,59.98,Cartão de Débito
Melissa da Costa,Barba,Pedro Lima,2024-02-08,22:44,71.61,Dinheiro
Pietra Azevedo,Coloração,Carlos Pereira,2024-08-01,11:43,75.71,Cartão de Crédito
Fernando Araújo,Corte e Barba,Pedro Lima,2024-07-16,18:33,75.88,Dinheiro
Sr. Yago Gonçalves,Corte e Barba,José Ribeiro,2024-02-04,12:15,88.05,Dinheiro
Sra. Ana Clara Correia,Corte,Carlos Pereira,2024-01-26,15:11,76.84,Cartão de Débito
Fernanda Ribeiro,Corte e Barba,José Ribeiro,2024-04-10,23:58,94.36,Dinheiro
Sr. Lucas Gabriel Santos,Coloração,José Ribeiro,2024-04-28,08:34,29.61,Cartão de Crédito
Levi da Conceição,Barba,José Ribeiro,2024-07-14,15:11,72.56,Cartão de Débito
Dra. Luana Gonçalves,Coloração,José Ribeiro,2024-02-29,02:45,29.97,Cartão de Crédito
Clarice Rocha,Coloração,Lucas Santos,2024-05-04,16:39,61.37,Cartão de Crédito
Isadora Peixoto,Barba,Pedro Lima,2024-02-20,11:05,46.04,Cartão de Crédito
Letícia Moura,Coloração,Pedro Lima,2024-06-16,08:57,27.75,Cartão de Débito
Cauê Novaes,Corte,Pedro Lima,2024-09-03,21:05,56.52,Pix
Sr. Lucca Moura,Corte e Barba,Lucas Santos,2024-08-17,14:22,75.46,Dinheiro
Luiz Gustavo Vieira,Corte,José Ribeiro,2024-05-19,11:12,93.42,Cartão de Débito
Enzo Gabriel Vieira,Coloração,Pedro Lima,2024-07-10,10:48,91.87,Cartão de Crédito
Larissa Cunha,Coloração,José Ribeiro,2024-03-27,03:17,86.61,Pix
Joaquim Ribeiro,Corte e Barba,Lucas Santos,2024-09-28,14:51,83.13,Cartão de Débito
Lucca Pires,Corte,José Ribeiro,2024-04-04,04:08,24.41,Cartão de Crédito
Catarina Nascimento,Corte,José Ribeiro,2024-07-04,11:55,26.39,Cartão de Crédito
João Vitor Campos,Corte e Barba,Pedro Lima,2024-07-17,21:40,52.87,Cartão de Crédito
Stella Melo,Corte e Barba,José Ribeiro,2024-05-05,18:32,40.29,Dinheiro
Igor Barbosa,Coloração,Carlos Pereira,2024-06-24,09:21,26.9,Cartão de Crédito
Benjamin Souza,Barba,Carlos Pereira,2024-03-04,11:14,44.02,Pix
Luana Dias,Coloração,Lucas Santos,2024-03-19,02:27,33.91,Dinheiro
Luiz Fernando Sales,Corte e Barba,José Ribeiro,2024-06-29,17:10,51.94,Pix
Rafael Correia,Corte e Barba,Carlos Pereira,2024-01-06,03:48,52.43,Cartão de Débito
Miguel Moraes,Barba,Pedro Lima,2024-08-22,15:36,51.32,Cartão de Crédito
Sabrina Caldeira,Coloração,Lucas Santos,2024-04-03,02:36,70.99,Pix
Dr. Rafael Fernandes,Corte e Barba,José Ribeiro,2024-04-05,13:48,86.03,Pix
Sra. Clara Duarte,Corte e Barba,Pedro Lima,2024-03-07,17:49,32.37,Pix
Ana Clara da Mota,Corte,Carlos Pereira,2024-05-16,04:22,65.07,Dinheiro
Clarice Pinto,Coloração,Carlos Pereira,2024-05-15,19:11,77.14,Pix
João Miguel Silveira,Corte e Barba,Carlos Pereira,2024-02-06,22:30,95.44,Pix
Julia Azevedo,Corte e Barba,Carlos Pereira,2024-06-29,03:03,96.56,Cartão de Crédito
Davi Nascimento,Barba,Carlos Pereira,2024-04-29,00:18,77.77,Pix
Ana Beatriz Ferreira,Coloração,José Ribeiro,2024-08-02,00:19,94.44,Cartão de Débito
Dr. Arthur Carvalho,Barba,Lucas Santos,2024-05-18,09:51,71.04,Dinheiro
Srta. Bruna da Mata,Coloração,Carlos Pereira,2024-05-06,02:30,47.67,Pix
Sra. Joana Campos,Corte,José Ribeiro,2024-02-18,22:24,26.53,Cartão de Crédito
Rebeca Nunes,Coloração,Carlos Pereira,2024-05-21,02:48,98.63,Dinheiro
Júlia Nogueira,Corte,José Ribeiro,2024-04-21,20:30,64.5,Cartão de Crédito
Gabriela Rocha,Barba,Carlos Pereira,2024-08-31,16:48,37.38,Cartão de Crédito
Eduardo Novaes,Corte e Barba,Pedro Lima,2024-05-16,22:15,82.73,Cartão de Crédito
Maria Alice Azevedo,Corte e Barba,Pedro Lima,2024-02-14,08:23,59.8,Pix
Daniel Moura,Coloração,José Ribeiro,2024-10-08,03:03,20.5,Cartão de Crédito
Daniel Moraes,Corte,José Ribeiro,2024-09-22,21:43,88.74,Pix
Evelyn da Conceição,Corte e Barba,José Ribeiro,2024-09-26,14:22,21.84,Dinheiro
Lucas Ferreira,Corte,Carlos Pereira,2024-05-19,04:19,77.99,Cartão de Débito
Lucas Gabriel Ramos,Corte e Barba,José Ribeiro,2024-05-16,01:21,89.42,Cartão de Crédito
Diego da Mata,Coloração,José Ribeiro,2024-07-02,08:43,79.91,Pix
Dr. Cauê Gomes,Corte,Carlos Pereira,2024-03-26,22:48,98.84,Cartão de Débito
Emilly Gonçalves,Barba,José Ribeiro,2024-09-19,15:17,35.8,Cartão de Débito
Pedro Henrique Silveira,Corte,José Ribeiro,2024-07-19,13:10,66.86,Cartão de Débito
Sr. Rafael das Neves,Corte,José Ribeiro,2024-09-27,16:14,63.07,Cartão de Débito
Srta. Ana Vitória Cavalcanti,Corte e Barba,José Ribeiro,2024-02-18,07:29,84.0,Pix
Enzo Sales,Coloração,José Ribeiro,2024-08-04,11:10,83.84,Cartão de Crédito
Lucas da Mata,Barba,José Ribeiro,2024-06-23,00:10,83.78,Cartão de Débito
Esther Porto,Coloração,Lucas Santos,2024-09-02,21:23,99.09,Pix
Lorenzo Lima,Barba,Carlos Pereira,2024-07-18,07:48,90.79,Cartão de Débito
Dr. Thales Mendes,Corte,José Ribeiro,2024-04-25,15:14,75.26,Cartão de Crédito
Dr. Pietro Martins,Corte e Barba,Lucas Santos,2024-04-23,14:19,20.7,Cartão de Crédito
Laís Pereira,Barba,José Ribeiro,2024-04-06,06:42,26.13,Dinheiro
Thales Araújo,Coloração,Pedro Lima,2024-01-10,11:53,50.5,Cartão de Crédito
Lorenzo das Neves,Coloração,José Ribeiro,2024-02-27,08:02,41.94,Dinheiro
Pietro Pires,Corte e Barba,Carlos Pereira,2024-06-30,05:43,43.53,Pix
Sra. Helena Gonçalves,Corte,Pedro Lima,2024-09-30,19:08,20.91,Cartão de Crédito
Vitória Moreira,Coloração,Carlos Pereira,2024-04-19,20:19,99.47,Dinheiro
Ana Vitória Melo,Coloração,Carlos Pereira,2024-04-05,23:28,29.17,Cartão de Crédito
Benjamin Farias,Corte e Barba,Lucas Santos,2024-09-05,14:18,73.78,Cartão de Crédito
Pedro Miguel Duarte,Coloração,Carlos Pereira,2024-07-14,21:10,84.05,Cartão de Débito
Samuel Carvalho,Barba,Pedro Lima,2024-07-28,00:20,53.15,Cartão de Débito
Dr. Benjamin Caldeira,Coloração,Pedro Lima,2024-08-13,20:50,35.26,Cartão de Crédito
Maria Alice da Conceição,Coloração,Lucas Santos,2024-11-03,08:26,83.98,Pix
Mariane Sales,Corte,Carlos Pereira,2024-04-12,19:54,30.25,Cartão de Débito
Cecília Duarte,Corte,Lucas Santos,2024-04-30,00:47,39.52,Cartão de Crédito
Alícia Correia,Barba,Lucas Santos,2024-05-10,13:30,85.13,Cartão de Débito
Caroline Azevedo,Coloração,Carlos Pereira,2024-02-16,10:37,83.69,Cartão de Crédito
Lorena Peixoto,Corte e Barba,José Ribeiro,2024-06-17,11:47,25.31,Cartão de Crédito
João Lucas Melo,Barba,Lucas Santos,2024-03-15,13:18,64.8,Cartão de Débito
Dra. Milena Costa,Barba,Lucas Santos,2024-02-06,05:00,75.15,Cartão de Crédito
Benício Jesus,Corte e Barba,Pedro Lima,2024-10-05,22:50,67.97,Pix
Sra. Sarah Nunes,Barba,Lucas Santos,2024-03-15,02:10,85.17,Pix
Ana Beatriz Monteiro,Corte,Lucas Santos,2024-05-04,23:36,75.99,Cartão de Débito
Juan Carvalho,Barba,Carlos Pereira,2024-03-01,11:09,56.41,Dinheiro
Noah Novaes,Barba,Pedro Lima,2024-08-10,07:12,51.88,Dinheiro
Stephany Costela,Barba,Lucas Santos,2024-01-21,19:46,82.0,Cartão de Débito
Vitor Gabriel Fogaça,Corte,Lucas Santos,2024-01-18,17:46,92.38,Dinheiro
Enzo Oliveira,Corte e Barba,Lucas Santos,2024-02-14,13:50,91.83,Cartão de Crédito
Maria Fernanda Ferreira,Corte e Barba,Lucas Santos,2024-03-01,18:16,59.34,Cartão de Débito
Ana Lívia Farias,Coloração,Carlos Pereira,2024-03-24,03:39,66.25,Pix
João Lucas Moreira,Coloração,Lucas Santos,2024-08-20,19:43,98.97,Cartão de Crédito
Sra. Marina Pires,Corte e Barba,Lucas Santos,2024-02-17,11:09,64.91,Cartão de Crédito
Elisa Caldeira,Corte,Carlos Pereira,2024-05-02,12:03,75.5,Cartão de Débito
Sra. Isabel Barros,Barba,Carlos Pereira,2024-04-19,18:27,61.7,Dinheiro
Ana Julia das Neves,Corte,Pedro Lima,2024-04-11,21:13,68.38,Cartão de Débito
Srta. Eduarda Carvalho,Corte,José Ribeiro,2024-06-07,17:20,55.08,Cartão de Crédito
Stella Peixoto,Corte,José Ribeiro,2024-07-16,07:40,59.53,Cartão de Débito
Pedro Lucas Pinto,Barba,Pedro Lima,2024-06-28,21:28,82.46,Cartão de Débito
Emanuelly Lopes,Corte e Barba,Pedro Lima,2024-02-17,23:06,55.39,Dinheiro
Luiz Fernando da Rocha,Coloração,Pedro Lima,2024-05-03,02:13,50.41,Pix
Sr. Augusto Aragão,Coloração,Lucas Santos,2024-08-23,10:23,44.54,Cartão de Crédito
Dr. Alexandre Azevedo,Coloração,Carlos Pereira,2024-04-18,11:46,25.5,Dinheiro
Giovanna Porto,Coloração,José Ribeiro,2024-05-25,10:24,34.89,Pix
Julia da Paz,Coloração,Lucas Santos,2024-05-09,05:12,26.98,Dinheiro
Ana da Mata,Corte,José Ribeiro,2024-01-01,02:41,53.23,Cartão de Crédito
Yuri Lima,Corte e Barba,Pedro Lima,2024-08-02,00:11,29.4,Cartão de Crédito
Sra. Isadora Moraes,Coloração,Carlos Pereira,2024-06-19,23:05,28.3,Cartão de Crédito
Sr. Alexandre Peixoto,Corte,Lucas Santos,2024-07-22,18:08,33.73,Pix
Srta. Caroline Aragão,Barba,Carlos Pereira,2024-09-16,22:50,28.09,Pix
Helena Fernandes,Corte,Carlos Pereira,2024-03-11,05:09,99.43,Pix
Lívia da Luz,Barba,Pedro Lima,2024-11-03,10:13,49.86,Dinheiro
Milena Correia,Corte e Barba,José Ribeiro,2024-04-23,04:57,21.14,Cartão de Débito
Sra. Helena Jesus,Barba,Carlos Pereira,2024-06-04,12:20,56.37,Dinheiro
Ana Luiza Araújo,Corte,Lucas Santos,2024-08-17,01:38,91.83,Cartão de Débito
Vicente Costa,Corte e Barba,Pedro Lima,2024-06-12,14:05,46.01,Pix
Arthur Ribeiro,Corte e Barba,Carlos Pereira,2024-01-22,18:06,94.5,Pix
Lucas Costa,Coloração,Pedro Lima,2024-01-01,16:43,76.01,Cartão de Crédito
Sr. Erick Rezende,Corte,Pedro Lima,2024-01-04,23:57,64.44,Cartão de Débito
Ana Luiza Cardoso,Corte e Barba,Lucas Santos,2024-10-01,17:24,94.64,Cartão de Crédito
Laís Vieira,Barba,Carlos Pereira,2024-05-20,03:47,84.3,Cartão de Crédito
Isaac Correia,Barba,Carlos Pereira,2024-04-19,07:53,37.6,Cartão de Crédito
Bruno Freitas,Corte e Barba,Pedro Lima,2024-10-21,19:08,79.4,Pix
Brenda Santos,Corte e Barba,Pedro Lima,2024-03-03,13:53,50.76,Dinheiro
Samuel da Costa,Corte,Lucas Santos,2024-05-20,21:43,89.51,Cartão de Crédito
Sophie Porto,Barba,Carlos Pereira,2024-03-06,21:20,84.87,Dinheiro
Eloah Nascimento,Corte e Barba,José Ribeiro,2024-08-31,16:16,62.74,Dinheiro
Sra. Gabrielly da Cunha,Corte,Pedro Lima,2024-07-06,09:09,80.19,Dinheiro
Pedro Miguel Rocha,Corte,Carlos Pereira,2024-03-30,08:49,82.02,Dinheiro
Ana Júlia Costela,Corte e Barba,José Ribeiro,2024-08-28,19:58,32.61,Cartão de Débito
Evelyn Cardoso,Coloração,José Ribeiro,2024-03-15,16:09,44.91,Cartão de Débito
Theo Fernandes,Barba,Lucas Santos,2024-05-10,15:44,51.85,Cartão de Débito
Srta. Júlia Campos,Corte e Barba,Carlos Pereira,2024-06-10,21:00,75.16,Dinheiro
Thomas Cardoso,Barba,Carlos Pereira,2024-05-06,13:38,73.78,Cartão de Crédito
Maitê Gomes,Barba,Pedro Lima,2024-06-09,15:38,83.51,Dinheiro
Danilo Costa,Barba,Carlos Pereira,2024-05-07,07:20,48.44,Cartão de Débito
Stella Castro,Barba,Lucas Santos,2024-04-15,23:30,69.67,Pix
Emanuel Fogaça,Corte e Barba,Lucas Santos,2024-03-26,21:23,84.94,Pix
Cauã Barros,Coloração,Pedro Lima,2024-10-08,08:02,86.7,Cartão de Débito
Dr. Yuri Almeida,Barba,Carlos Pereira,2024-03-09,13:35,39.32,Pix
Calebe da Mota,Corte e Barba,José Ribeiro,2024-01-25,21:37,67.0,Cartão de Crédito
Bianca Peixoto,Coloração,Carlos Pereira,2024-08-13,21:20,45.28,Cartão de Débito
Pietro Souza,Corte,Pedro Lima,2024-07-15,16:50,89.76,Pix
Srta. Ana Júlia Souza,Coloração,Carlos Pereira,2024-03-28,07:58,85.64,Cartão de Débito
Manuela Costela,Coloração,Carlos Pereira,2024-06-19,22:30,27.27,Dinheiro
Nicolas Caldeira,Barba,José Ribeiro,2024-03-03,06:24,35.0,Cartão de Débito
Lorenzo Azevedo,Barba,Lucas Santos,2024-04-13,14:49,64.99,Pix
Sr. Vinicius Azevedo,Coloração,Lucas Santos,2024-06-13,05:17,43.97,Dinheiro
Enrico das Neves,Coloração,Pedro Lima,2024-03-29,01:55,58.71,Pix
Ana Sophia Costa,Corte e Barba,Carlos Pereira,2024-06-05,13:43,51.98,Cartão de Crédito
Davi Luiz Viana,Coloração,Lucas Santos,2024-02-06,10:40,87.56,Cartão de Débito
Pedro Miguel Nunes,Barba,José Ribeiro,2024-09-28,00:00,87.06,Cartão de Crédito
Rafael da Cunha,Coloração,Pedro Lima,2024-08-03,09:34,65.11,Cartão de Crédito
Lucas Gabriel Peixoto,Corte,Pedro Lima,2024-10-09,16:24,38.79,Pix
Gabriela Ferreira,Barba,Lucas Santos,2024-01-31,18:46,37.01,Cartão de Crédito
João Lucas Sales,Coloração,José Ribeiro,2024-07-29,10:34,73.24,Cartão de Débito
Luiz Henrique Correia,Barba,Carlos Pereira,2024-02-16,19:55,63.53,Pix
Stella das Neves,Corte e Barba,Carlos Pereira,2024-03-15,02:19,68.27,Cartão de Débito
Felipe Costela,Corte,José Ribeiro,2024-05-31,02:45,33.93,Pix
Sra. Manuela Lopes,Corte e Barba,Lucas Santos,2024-04-09,06:46,24.23,Pix
Maitê Santos,Coloração,Pedro Lima,2024-06-25,21:46,36.53,Cartão de Crédito
Pedro Rocha,Corte e Barba,Lucas Santos,2024-08-17,13:34,40.98,Pix
Nathan Rezende,Coloração,Carlos Pereira,2024-03-29,06:16,82.68,Cartão de Débito
Arthur da Cunha,Coloração,Carlos Pereira,2024-07-05,14:32,93.48,Pix
Pietra Rezende,Coloração,Pedro Lima,2024-04-19,03:53,58.47,Pix
Leonardo Jesus,Corte,Pedro Lima,2024-05-13,10:57,29.26,Cartão de Crédito
Diego Caldeira,Coloração,Pedro Lima,2024-03-22,00:24,66.55,Cartão de Débito
Dra. Bianca Barros,Corte e Barba,José Ribeiro,2024-05-24,22:51,26.49,Dinheiro
Maria Sophia Cardoso,Corte,Pedro Lima,2024-02-16,17:53,34.95,Cartão de Crédito
Ana Clara da Rocha,Barba,José Ribeiro,2024-05-15,04:55,28.92,Cartão de Débito
Sofia Pinto,Corte e Barba,Pedro Lima,2024-08-23,10:14,55.45,Pix
Lorena Gomes,Barba,Lucas Santos,2024-05-08,11:01,71.02,Cartão de Débito
Vicente Aragão,Corte e Barba,Lucas Santos,2024-02-11,08:57,27.83,Cartão de Crédito
Levi Nascimento,Corte e Barba,Lucas Santos,2024-05-17,01:27,36.22,Pix
Cauê Martins,Corte e Barba,Lucas Santos,2024-09-12,10:25,56.18,Cartão de Débito
Maria Luiza Barbosa,Barba,Carlos Pereira,2024-06-03,16:41,74.27,Cartão de Crédito
Breno Gonçalves,Barba,Pedro Lima,2024-03-10,06:20,53.02,Dinheiro
Yago Nascimento,Barba,Carlos Pereira,2024-09-09,07:41,48.33,Cartão de Débito
Matheus Alves,Corte e Barba,Lucas Santos,2024-08-06,05:54,78.06,Cartão de Débito
Sra. Alice Silva,Barba,Pedro Lima,2024-02-21,22:47,64.59,Cartão de Crédito
Alana Gonçalves,Corte e Barba,José Ribeiro,2024-01-02,10:45,27.18,Dinheiro
Eloah Cardoso,Coloração,Carlos Pereira,2024-09-13,01:34,30.26,Cartão de Crédito
Thiago Cardoso,Corte e Barba,Lucas Santos,2024-06-11,05:43,90.98,Cartão de Débito
Lucca Lopes,Corte,Carlos Pereira,2024-08-04,20:10,33.03,Cartão de Crédito
Theo da Paz,Barba,Lucas Santos,2024-03-07,04:18,94.68,Cartão de Crédito
Calebe Cardoso,Corte e Barba,Pedro Lima,2024-10-30,15:30,52.89,Cartão de Crédito
Sra. Maria Duarte,Coloração,Pedro Lima,2024-07-11,17:10,42.79,Pix
Ana Beatriz Correia,Corte,José Ribeiro,2024-06-20,10:09,64.75,Pix
Rafaela Silva,Barba,Carlos Pereira,2024-10-21,09:47,93.86,Cartão de Crédito
Julia Pinto,Barba,Lucas Santos,2024-02-15,12:00,81.18,Pix
Ryan Lopes,Coloração,Lucas Santos,2024-03-03,14:31,82.6,Cartão de Crédito
Guilherme Lopes,Corte,Lucas Santos,2024-06-21,04:54,59.65,Cartão de Débito
João Pedro Gomes,Corte,José Ribeiro,2024-09-08,23:08,49.67,Pix
Dra. Alana Carvalho,Corte,Carlos Pereira,2024-08-29,19:02,90.01,Dinheiro
Luiz Otávio Moraes,Barba,José Ribeiro,2024-03-18,20:57,44.81,Pix
Lucas Gabriel da Mata,Coloração,José Ribeiro,2024-08-12,12:00,95.35,Cartão de Crédito
Yago da Cruz,Corte,Carlos Pereira,2024-10-18,02:17,65.25,Cartão de Crédito
Enzo Gabriel Rodrigues,Barba,Pedro Lima,2024-02-10,11:13,95.9,Dinheiro
Srta. Emanuella da Paz,Corte,José Ribeiro,2024-03-17,12:16,63.12,Dinheiro
João Lucas da Costa,Barba,Carlos Pereira,2024-08-16,02:50,99.62,Dinheiro
Felipe Costela,Coloração,Pedro Lima,2024-07-15,06:42,93.99,Pix
Yasmin Campos,Coloração,José Ribeiro,2024-05-24,21:37,66.39,Cartão de Crédito
Manuela da Mota,Coloração,Carlos Pereira,2024-03-29,03:21,28.06,Cartão de Débito
Isabella Mendes,Corte,Carlos Pereira,2024-02-08,08:25,39.58,Cartão de Crédito
Emanuel Mendes,Corte,Carlos Pereira,2024-02-03,05:49,63.05,Cartão de Débito
Theo Melo,Corte e Barba,José Ribeiro,2024-06-06,03:46,69.17,Dinheiro
André Ferreira,Coloração,José Ribeiro,2024-06-29,07:38,34.12,Cartão de Débito
Srta. Laura das Neves,Corte e Barba,Carlos Pereira,2024-04-23,07:06,49.22,Dinheiro
Manuela da Cunha,Barba,Lucas Santos,2024-05-22,09:43,50.49,Dinheiro
João Felipe Silveira,Coloração,Carlos Pereira,2024-02-12,13:05,69.37,Pix
Maria Luiza Cardoso,Coloração,Carlos Pereira,2024-01-11,20:20,93.11,Cartão de Crédito
Emanuelly Freitas,Barba,Carlos Pereira,2024-04-09,16:59,68.79,Pix
Maria Clara Costa,Barba,Carlos Pereira,2024-03-06,07:12,74.05,Pix
Emanuella Santos,Corte e Barba,José Ribeiro,2024-06-23,06:20,69.8,Pix
Nicole Barros,Corte e Barba,Lucas Santos,2024-07-23,09:17,31.93,Cartão de Débito
Isadora Lima,Barba,Carlos Pereira,2024-03-01,22:28,20.98,Cartão de Débito
Ana Beatriz Nascimento,Coloração,José Ribeiro,2024-07-11,19:17,88.03,Cartão de Débito
Helena Ferreira,Barba,José Ribeiro,2024-01-28,11:53,80.61,Cartão de Débito
Olivia Rodrigues,Coloração,José Ribeiro,2024-09-08,16:22,93.2,Cartão de Débito
Ana Júlia Cunha,Corte e Barba,Pedro Lima,2024-06-02,02:14,96.53,Cartão de Crédito
Milena Souza,Corte,José Ribeiro,2024-02-03,15:34,63.12,Cartão de Crédito
Kamilly Moreira,Coloração,Pedro Lima,2024-09-15,11:04,98.33,Cartão de Débito
Luiz Fernando Moreira,Barba,Pedro Lima,2024-07-01,19:40,22.84,Cartão de Débito
Pedro Lucas Melo,Corte e Barba,Carlos Pereira,2024-07-04,04:43,41.78,Pix
Ana Júlia Costa,Corte,Lucas Santos,2024-09-07,23:26,23.23,Cartão de Débito
Luiz Miguel da Rocha,Corte,Lucas Santos,2024-07-17,03:52,65.12,Cartão de Crédito
Ana Carolina Silveira,Corte e Barba,Pedro Lima,2024-06-01,20:33,75.25,Cartão de Crédito
Yuri Nunes,Corte e Barba,Carlos Pereira,2024-01-26,07:36,28.17,Dinheiro
Maria Eduarda Carvalho,Coloração,Lucas Santos,2024-02-20,04:32,20.86,Cartão de Crédito
Carlos Eduardo Porto,Coloração,Carlos Pereira,2024-08-18,13:04,97.15,Dinheiro
Maria Clara Ramos,Corte e Barba,Pedro Lima,2024-05-12,00:59,97.09,Pix
Lavínia da Luz,Barba,José Ribeiro,2024-07-06,22:38,88.44,Dinheiro
Luiz Otávio Souza,Corte,José Ribeiro,2024-08-20,19:33,66.91,Pix
Evelyn da Cunha,Barba,Pedro Lima,2024-10-28,11:54,42.3,Pix
Sophia Teixeira,Coloração,Lucas Santos,2024-10-09,06:46,89.38,Cartão de Débito
João Gabriel Freitas,Corte,Lucas Santos,2024-08-18,05:05,75.01,Cartão de Crédito
Rebeca Silva,Barba,Carlos Pereira,2024-05-23,08:12,48.18,Cartão de Débito
Dra. Evelyn da Conceição,Coloração,Pedro Lima,2024-07-30,22:35,63.05,Cartão de Débito
Samuel Ramos,Corte e Barba,Carlos Pereira,2024-04-09,14:19,44.17,Cartão de Débito
Sophie Oliveira,Coloração,Pedro Lima,2024-09-07,11:39,34.95,Dinheiro
Samuel Lima,Barba,Lucas Santos,2024-05-03,15:46,22.88,Dinheiro
Ana Carolina Costela,Coloração,José Ribeiro,2024-09-26,04:51,35.36,Cartão de Crédito
Lucas Gabriel Sales,Corte,Lucas Santos,2024-07-16,23:50,63.03,Dinheiro
Srta. Sarah Ribeiro,Coloração,Lucas Santos,2024-07-20,23:27,79.85,Cartão de Crédito
Dr. Leonardo Mendes,Coloração,Lucas Santos,2024-03-29,05:36,50.48,Pix
Emilly Costela,Coloração,José Ribeiro,2024-09-12,13:10,95.28,Pix
Luiza Barros,Corte e Barba,Pedro Lima,2024-09-17,00:02,43.36,Cartão de Crédito
João Vitor Dias,Coloração,Carlos Pereira,2024-10-27,22:20,61.5,Pix
Elisa da Conceição,Coloração,Carlos Pereira,2024-01-15,03:27,60.02,Cartão de Crédito
Esther Silveira,Barba,Pedro Lima,2024-10-27,20:16,40.48,Cartão de Débito
Srta. Maria Luiza Nunes,Corte,Carlos Pereira,2024-03-01,10:14,52.54,Cartão de Crédito
João Lucas da Cunha,Coloração,José Ribeiro,2024-07-15,03:46,36.34,Dinheiro
Rafaela Peixoto,Corte,Pedro Lima,2024-09-07,16:05,39.99,Dinheiro
Emanuelly da Costa,Corte e Barba,Pedro Lima,2024-08-14,08:44,32.6,Dinheiro
Enzo Cardoso,Barba,José Ribeiro,2024-01-05,11:49,99.28,Cartão de Débito
Stephany Alves,Coloração,José Ribeiro,2024-10-22,17:37,88.62,Dinheiro
Esther Almeida,Corte e Barba,Lucas Santos,2024-05-15,03:06,82.82,Pix
Ana Lívia Caldeira,Coloração,Pedro Lima,2024-05-15,12:46,65.93,Pix
Sra. Bruna Cavalcanti,Barba,José Ribeiro,2024-06-03,05:55,70.39,Cartão de Débito
Pedro Lucas Porto,Barba,Lucas Santos,2024-02-01,13:38,30.57,Pix
Ana Beatriz Silva,Coloração,Carlos Pereira,2024-10-18,16:03,27.79,Cartão de Débito
Fernando Costela,Corte,Pedro Lima,2024-01-21,11:36,80.36,Pix
Camila Moraes,Corte,Pedro Lima,2024-05-08,19:51,78.56,Dinheiro
Clarice Fernandes,Corte e Barba,Lucas Santos,2024-03-09,19:41,44.36,Cartão de Crédito
Ana Sophia da Cunha,Coloração,José Ribeiro,2024-07-27,02:42,81.65,Cartão de Crédito
Maria Eduarda Moraes,Corte,Carlos Pereira,2024-04-11,15:46,25.72,Cartão de Crédito
Nicolas Cunha,Corte e Barba,Pedro Lima,2024-05-03,21:33,66.63,Dinheiro
Camila Moreira,Barba,Lucas Santos,2024-06-16,15:14,89.8,Pix
Pedro Miguel Gomes,Coloração,Carlos Pereira,2024-03-01,09:12,44.0,Cartão de Crédito
Davi Luiz Souza,Corte e Barba,Lucas Santos,2024-05-10,06:20,88.85,Cartão de Débito
Sr. João Gabriel Cavalcanti,Corte e Barba,Lucas Santos,2024-07-06,05:59,34.54,Dinheiro
Ana Carolina Pinto,Corte,Carlos Pereira,2024-10-20,04:12,79.0,Pix
Bruna Azevedo,Corte e Barba,Pedro Lima,2024-09-07,23:47,77.2,Pix
Diego Barros,Corte e Barba,José Ribeiro,2024-10-16,14:37,72.5,Dinheiro
Fernanda Duarte,Barba,Lucas Santos,2024-04-02,12:44,79.03,Dinheiro
Luana da Paz,Coloração,José Ribeiro,2024-04-06,12:18,54.82,Cartão de Débito
Evelyn Mendes,Corte,José Ribeiro,2024-03-18,16:21,99.93,Cartão de Débito
Emanuella Monteiro,Barba,José Ribeiro,2024-01-16,08:28,26.63,Cartão de Crédito
Srta. Laura Jesus,Corte,José Ribeiro,2024-05-18,07:20,20.38,Dinheiro
Srta. Rafaela Rodrigues,Barba,Carlos Pereira,2024-06-27,18:08,94.98,Cartão de Débito
Ana Sophia Nascimento,Corte e Barba,José Ribeiro,2024-07-10,01:21,37.43,Cartão de Crédito
Dra. Ana Sophia Sales,Corte,Pedro Lima,2024-06-20,05:32,78.6,Dinheiro
Vitor Barbosa,Corte,Lucas Santos,2024-05-09,14:31,81.74,Pix
Thomas da Cruz,Corte,Pedro Lima,2024-07-05,22:40,53.82,Cartão de Débito
Maria Luiza da Luz,Coloração,Pedro Lima,2024-03-31,00:50,21.8,Cartão de Crédito
Luana da Mota,Barba,José Ribeiro,2024-09-26,11:19,96.35,Cartão de Crédito
Bruna Peixoto,Corte e Barba,Lucas Santos,2024-02-25,15:32,81.67,Dinheiro
Pedro Miguel Viana,Corte,Lucas Santos,2024-06-14,11:06,92.11,Dinheiro
Vitor Gabriel da Mota,Barba,Carlos Pereira,2024-04-29,22:29,98.97,Pix
Mirella Costela,Coloração,Pedro Lima,2024-04-01,06:11,23.91,Dinheiro
Maysa da Rocha,Coloração,Carlos Pereira,2024-04-17,21:44,98.92,Cartão de Crédito
Maria Alice Viana,Corte e Barba,Carlos Pereira,2024-07-20,18:44,61.62,Pix
Dra. Mirella Campos,Corte,Carlos Pereira,2024-03-22,09:22,71.06,Pix
Maria Alice Nunes,Coloração,Pedro Lima,2024-07-23,10:21,23.75,Pix
Maria Sophia Novaes,Corte e Barba,Lucas Santos,2024-09-18,09:45,70.0,Cartão de Débito
Maysa da Rocha,Corte,Lucas Santos,2024-08-12,08:27,68.35,Dinheiro
Gabriela Mendes,Corte e Barba,Carlos Pereira,2024-05-21,17:05,56.92,Cartão de Crédito
Luiz Henrique Barros,Corte e Barba,Carlos Pereira,2024-01-13,08:55,84.2,Dinheiro
Rafael Santos,Barba,Pedro Lima,2024-10-12,23:32,54.18,Pix
Dr. Eduardo Pereira,Corte,José Ribeiro,2024-09-25,16:51,31.39,Pix
Thomas Barros,Barba,Carlos Pereira,2024-08-17,09:47,99.16,Cartão de Débito
Yuri Cardoso,Corte e Barba,Pedro Lima,2024-01-07,20:02,76.76,Cartão de Crédito
Enrico Azevedo,Barba,Lucas Santos,2024-09-07,19:07,54.91,Pix
Igor Nogueira,Coloração,Pedro Lima,2024-02-16,14:35,44.59,Pix
Bianca Silveira,Coloração,Pedro Lima,2024-04-19,12:23,60.73,Cartão de Débito
Helena Novaes,Coloração,José Ribeiro,2024-06-03,09:47,70.53,Cartão de Crédito
Pedro Ramos,Barba,Lucas Santos,2024-02-11,20:51,81.59,Cartão de Crédito
Sr. Luiz Fernando Souza,Barba,José Ribeiro,2024-09-18,20:16,23.45,Dinheiro
Fernanda da Luz,Corte e Barba,Lucas Santos,2024-02-21,11:19,84.61,Dinheiro
Davi Lucas Rezende,Corte e Barba,Carlos Pereira,2024-04-26,04:07,96.67,Pix
Igor Silveira,Barba,José Ribeiro,2024-02-12,02:50,49.83,Pix
Renan Dias,Corte,Pedro Lima,2024-07-08,10:53,66.36,Cartão de Crédito
Ana Vitória Caldeira,Barba,José Ribeiro,2024-04-22,04:57,36.06,Pix
Alexandre Nascimento,Barba,Lucas Santos,2024-01-07,20:34,76.98,Cartão de Débito
Marcela Correia,Coloração,Carlos Pereira,2024-08-02,08:36,55.51,Dinheiro
Yuri Pinto,Corte e Barba,Pedro Lima,2024-04-20,10:16,33.24,Cartão de Débito
Isabelly Barbosa,Coloração,José Ribeiro,2024-10-14,00:13,62.62,Cartão de Débito
Renan da Rocha,Barba,Lucas Santos,2024-04-24,08:12,78.71,Cartão de Débito
Diogo Novaes,Corte e Barba,José Ribeiro,2024-04-16,23:31,64.29,Pix
Maria Clara Costela,Coloração,Lucas Santos,2024-07-27,14:03,74.38,Cartão de Débito
Dr. Ryan Melo,Barba,José Ribeiro,2024-06-14,08:29,24.48,Pix
Dr. Pedro Lucas da Costa,Corte,Carlos Pereira,2024-01-15,19:05,33.14,Cartão de Débito
Mariane Alves,Corte e Barba,Carlos Pereira,2024-10-30,19:21,99.83,Dinheiro
Vitória Silva,Corte,Pedro Lima,2024-09-24,03:41,87.67,Dinheiro
Caio Teixeira,Corte e Barba,Lucas Santos,2024-10-13,07:48,21.16,Dinheiro
Lívia Farias,Barba,Lucas Santos,2024-09-15,00:16,75.37,Pix
Sra. Heloísa da Luz,Coloração,José Ribeiro,2024-02-24,13:18,59.63,Cartão de Débito
Thales Santos,Corte,José Ribeiro,2024-10-24,21:21,32.05,Cartão de Débito
Sr. Igor da Cruz,Corte e Barba,Pedro Lima,2024-05-08,16:24,27.98,Pix
Ana Júlia da Rocha,Barba,Lucas Santos,2024-08-30,03:10,78.5,Cartão de Débito
Antônio Castro,Coloração,Pedro Lima,2024-02-20,23:04,63.5,Pix
Ana Julia Souza,Corte e Barba,Lucas Santos,2024-06-18,13:59,35.83,Cartão de Débito
Igor Ribeiro,Coloração,Pedro Lima,2024-11-02,13:27,46.89,Dinheiro
Murilo Lima,Coloração,Carlos Pereira,2024-10-10,13:06,36.93,Pix
Luigi Pereira,Coloração,Lucas Santos,2024-05-04,04:52,28.0,Dinheiro
Lucas da Paz,Barba,José Ribeiro,2024-08-19,02:38,65.4,Cartão de Crédito
Ana Julia Moreira,Barba,Carlos Pereira,2024-07-11,11:00,43.66,Dinheiro
Vitor da Rocha,Coloração,Pedro Lima,2024-09-21,17:19,83.78,Pix
Benício da Cruz,Barba,Pedro Lima,2024-04-17,03:08,65.54,Pix
Alexandre da Rosa,Corte e Barba,José Ribeiro,2024-01-09,17:29,77.14,Pix
Sra. Mariane Silva,Coloração,Pedro Lima,2024-08-10,03:45,57.11,Cartão de Débito
Sr. Pedro Miguel Costa,Corte e Barba,Lucas Santos,2024-02-20,13:54,59.91,Dinheiro
Davi Lucca Pereira,Coloração,Pedro Lima,2024-07-19,00:10,88.96,Cartão de Crédito
Lorena Nogueira,Corte,Pedro Lima,2024-04-05,14:53,51.39,Pix
Dr. Augusto Moura,Coloração,Lucas Santos,2024-04-12,07:30,40.46,Cartão de Crédito
Fernando Novaes,Coloração,Lucas Santos,2024-01-03,21:33,21.72,Dinheiro
Ana Clara Cardoso,Barba,Lucas Santos,2024-06-27,06:24,30.31,Cartão de Crédito
Cecília Fogaça,Corte,Lucas Santos,2024-08-02,09:45,47.64,Dinheiro
Marcelo Farias,Corte,Lucas Santos,2024-08-13,16:38,96.27,Dinheiro
Dr. Enrico Porto,Corte e Barba,Pedro Lima,2024-04-06,05:00,37.42,Pix
Ana Beatriz Gomes,Corte,Carlos Pereira,2024-08-15,23:50,71.49,Dinheiro
Murilo Correia,Barba,Pedro Lima,2024-03-16,22:46,36.97,Pix
Sr. Bryan Freitas,Coloração,José Ribeiro,2024-05-30,16:20,41.53,Cartão de Crédito
Melissa Farias,Corte,Carlos Pereira,2024-06-14,03:47,36.61,Cartão de Débito
Ana Clara da Luz,Corte,Lucas Santos,2024-03-09,03:51,89.32,Cartão de Débito
Gabriel Jesus,Barba,José Ribeiro,2024-03-10,06:43,22.68,Cartão de Crédito
Agatha Silveira,Coloração,Pedro Lima,2024-05-18,17:37,59.92,Cartão de Crédito
Beatriz Moura,Coloração,José Ribeiro,2024-04-01,00:52,84.19,Cartão de Débito
Sra. Mariana Dias,Barba,José Ribeiro,2024-09-13,22:37,85.73,Dinheiro
Joaquim Costa,Coloração,José Ribeiro,2024-04-07,18:57,58.74,Pix
Raquel da Conceição,Corte e Barba,José Ribeiro,2024-01-03,14:50,58.93,Pix
João Gabriel Lopes,Corte,José Ribeiro,2024-09-21,05:15,36.0,Dinheiro
Samuel Fogaça,Barba,José Ribeiro,2024-05-13,19:48,27.76,Cartão de Débito
Emilly Castro,Barba,Lucas Santos,2024-08-14,14:11,69.9,Dinheiro
Enrico da Costa,Barba,Pedro Lima,2024-03-13,08:56,63.66,Pix
Ana Luiza Aragão,Corte e Barba,Carlos Pereira,2024-06-21,19:25,71.85,Dinheiro
Felipe Peixoto,Corte e Barba,José Ribeiro,2024-09-26,08:13,95.5,Dinheiro
Elisa Melo,Corte,Carlos Pereira,2024-10-18,21:42,79.66,Pix
Leandro da Rosa,Corte e Barba,Lucas Santos,2024-05-26,00:17,49.15,Pix
Sra. Yasmin Cavalcanti,Corte,Lucas Santos,2024-08-13,21:08,42.09,Cartão de Crédito
Lavínia Ribeiro,Corte e Barba,José Ribeiro,2024-08-26,22:04,35.08,Dinheiro
Emanuelly Caldeira,Corte,Lucas Santos,2024-02-17,11:51,99.88,Cartão de Débito
Antônio Nogueira,Corte e Barba,José Ribeiro,2024-07-08,03:09,77.73,Pix
João Felipe Gonçalves,Coloração,Pedro Lima,2024-05-10,17:15,31.44,Cartão de Débito
Sofia Cunha,Barba,José Ribeiro,2024-01-06,12:38,62.1,Cartão de Débito
Luigi Teixeira,Coloração,Carlos Pereira,2024-08-10,10:03,52.52,Cartão de Débito
Lucas Duarte,Barba,Lucas Santos,2024-03-21,18:17,64.64,Pix
Gustavo Correia,Corte e Barba,Pedro Lima,2024-07-10,00:15,44.48,Cartão de Crédito
Catarina Martins,Corte e Barba,Pedro Lima,2024-03-16,07:48,60.84,Pix
Sr. Leonardo Duarte,Coloração,José Ribeiro,2024-10-14,00:32,91.18,Cartão de Débito
Alexia Dias,Corte,Lucas Santos,2024-08-19,22:37,65.96,Dinheiro
Dra. Juliana da Paz,Corte,José Ribeiro,2024-09-25,17:31,26.67,Dinheiro
Alana Araújo,Corte e Barba,José Ribeiro,2024-03-03,03:53,90.17,Cartão de Crédito
Enzo Gabriel Moraes,Barba,José Ribeiro,2024-01-13,11:41,88.52,Cartão de Débito
Laís Nunes,Corte e Barba,José Ribeiro,2024-03-03,08:00,60.68,Pix
Anthony das Neves,Corte e Barba,Pedro Lima,2024-02-18,07:05,78.04,Pix
Ana Luiza Sales,Barba,Pedro Lima,2024-10-02,21:37,46.19,Cartão de Crédito
Emanuel Cardoso,Barba,Carlos Pereira,2024-07-08,06:16,33.1,Pix
Srta. Ana Sophia Mendes,Coloração,Pedro Lima,2024-02-19,05:19,63.96,Cartão de Crédito
Brenda Moreira,Corte e Barba,Carlos Pereira,2024-03-18,02:34,76.14,Cartão de Débito
Antônio Barbosa,Barba,Pedro Lima,2024-03-20,10:42,79.19,Cartão de Crédito
Raul Rodrigues,Coloração,Pedro Lima,2024-08-26,21:23,37.61,Cartão de Crédito
Diogo Nogueira,Barba,José Ribeiro,2024-04-19,23:46,88.01,Cartão de Crédito
Dra. Rafaela da Rocha,Barba,Lucas Santos,2024-04-16,19:18,29.2,Cartão de Débito
Sr. Pietro Pereira,Corte e Barba,José Ribeiro,2024-10-30,21:18,45.64,Dinheiro
Melissa Ferreira,Corte e Barba,José Ribeiro,2024-09-30,15:03,41.44,Cartão de Débito
Fernanda Melo,Barba,Lucas Santos,2024-01-13,15:21,79.73,Dinheiro
Dr. João Felipe Rezende,Barba,Lucas Santos,2024-08-19,03:40,37.16,Cartão de Crédito
Yasmin Almeida,Corte,Carlos Pereira,2024-03-24,23:26,93.47,Dinheiro
Gustavo Gomes,Corte,Pedro Lima,2024-05-07,08:59,61.2,Cartão de Débito
Dra. Alice Fernandes,Corte,Lucas Santos,2024-05-11,07:24,53.04,Cartão de Crédito
Leandro Moraes,Corte,Lucas Santos,2024-01-19,15:18,88.08,Dinheiro
Lorenzo Santos,Coloração,Lucas Santos,2024-08-21,15:24,56.69,Pix
Danilo Farias,Coloração,Pedro Lima,2024-05-31,11:04,73.34,Cartão de Crédito
Davi Lucca Correia,Barba,Lucas Santos,2024-09-22,16:37,51.85,Cartão de Crédito
Pietra Cardoso,Coloração,Carlos Pereira,2024-06-09,17:28,96.47,Dinheiro
Vitor Gabriel Azevedo,Corte e Barba,Pedro Lima,2024-02-06,04:24,65.62,Pix
Rafaela Pereira,Corte e Barba,Carlos Pereira,2024-02-07,17:01,99.72,Dinheiro
Ana Laura Nogueira,Corte e Barba,José Ribeiro,2024-01-13,10:37,35.95,Dinheiro
Letícia Campos,Barba,José Ribeiro,2024-07-03,13:44,53.23,Pix
Nicole Moraes,Corte,Lucas Santos,2024-03-24,13:31,48.31,Cartão de Crédito
Sr. Luigi Monteiro,Corte e Barba,Lucas Santos,2024-04-08,01:40,42.1,Pix
Maitê Gonçalves,Corte e Barba,José Ribeiro,2024-01-26,17:21,68.24,Cartão de Crédito
Calebe Barbosa,Corte,Carlos Pereira,2024-07-15,13:53,47.61,Cartão de Débito
Catarina Farias,Corte,Carlos Pereira,2024-05-07,21:58,76.55,Pix
Bruno Cavalcanti,Coloração,Lucas Santos,2024-04-15,22:18,26.23,Cartão de Débito
Samuel da Rosa,Coloração,Lucas Santos,2024-01-14,08:54,28.01,Cartão de Débito
Lucca Souza,Coloração,Lucas Santos,2024-09-23,13:28,61.25,Dinheiro
Letícia Pinto,Corte,Pedro Lima,2024-07-22,15:08,41.14,Cartão de Crédito
Maria Cecília Araújo,Coloração,Carlos Pereira,2024-01-06,04:13,62.39,Cartão de Débito
Agatha Silva,Coloração,Carlos Pereira,2024-06-14,01:47,84.45,Dinheiro
Alice Pereira,Corte,Lucas Santos,2024-09-13,15:26,70.99,Pix
Erick da Cruz,Corte e Barba,José Ribeiro,2024-09-15,18:35,30.33,Cartão de Crédito
Leandro Fogaça,Coloração,José Ribeiro,2024-03-04,15:36,76.01,Dinheiro
Rebeca da Rosa,Corte e Barba,Carlos Pereira,2024-10-06,22:03,53.7,Cartão de Crédito
Gustavo Peixoto,Barba,Pedro Lima,2024-08-17,06:00,85.79,Cartão de Crédito
Sophia Rocha,Corte,Lucas Santos,2024-06-22,11:15,89.44,Cartão de Crédito
Vitor Dias,Corte e Barba,Lucas Santos,2024-07-17,20:50,73.98,Dinheiro
Vitória Pires,Corte,Carlos Pereira,2024-10-19,02:57,60.94,Cartão de Crédito
Isaac Freitas,Corte e Barba,Lucas Santos,2024-09-08,00:30,49.72,Cartão de Débito
